{
  "name": "backend",
  "version": "1.0.0",
  "lockfileVersion": 3,
  "requires": true,
  "packages": {
    "": {
      "name": "backend",
      "version": "1.0.0",
      "license": "ISC",
      "dependencies": {
        "bcrypt": "^5.1.1",
        "cors": "^2.8.5",
        "dotenv": "^16.4.5",
        "express": "^4.18.3",
        "jsonwebtoken": "^9.0.2",
        "mongoose": "^8.2.0",
        "net": "^1.0.2",
        "stripe": "^14.19.0"
      },
      "devDependencies": {
        "nodemon": "^3.1.0"
      }
    },
    "node_modules/@mapbox/node-pre-gyp": {
      "version": "1.0.11",
      "resolved": "https://registry.npmjs.org/@mapbox/node-pre-gyp/-/node-pre-gyp-1.0.11.tgz",
      "integrity": "sha512-Yhlar6v9WQgUp/He7BdgzOz8lqMQ8sU+jkCq7Wx8Myc5YFJLbEe7lgui/V7G1qB1DJykHSGwreceSaD60Y0PUQ==",
      "dependencies": {
        "detect-libc": "^2.0.0",
        "https-proxy-agent": "^5.0.0",
        "make-dir": "^3.1.0",
        "node-fetch": "^2.6.7",
        "nopt": "^5.0.0",
        "npmlog": "^5.0.1",
        "rimraf": "^3.0.2",
        "semver": "^7.3.5",
        "tar": "^6.1.11"
      },
      "bin": {
        "node-pre-gyp": "bin/node-pre-gyp"
      }
    },
    "node_modules/@mongodb-js/saslprep": {
      "version": "1.1.5",
      "resolved": "https://registry.npmjs.org/@mongodb-js/saslprep/-/saslprep-1.1.5.tgz",
      "integrity": "sha512-XLNOMH66KhJzUJNwT/qlMnS4WsNDWD5ASdyaSH3EtK+F4r/CFGa3jT4GNi4mfOitGvWXtdLgQJkQjxSVrio+jA==",
      "dependencies": {
        "sparse-bitfield": "^3.0.3"
      }
    },
    "node_modules/@types/node": {
      "version": "20.11.30",
      "resolved": "https://registry.npmjs.org/@types/node/-/node-20.11.30.tgz",
      "integrity": "sha512-dHM6ZxwlmuZaRmUPfv1p+KrdD1Dci04FbdEm/9wEMouFqxYoFl5aMkt0VMAUtYRQDyYvD41WJLukhq/ha3YuTw==",
      "dependencies": {
        "undici-types": "~5.26.4"
      }
    },
    "node_modules/@types/webidl-conversions": {
      "version": "7.0.3",
      "resolved": "https://registry.npmjs.org/@types/webidl-conversions/-/webidl-conversions-7.0.3.tgz",
      "integrity": "sha512-CiJJvcRtIgzadHCYXw7dqEnMNRjhGZlYK05Mj9OyktqV8uVT8fD2BFOB7S1uwBE3Kj2Z+4UyPmFw/Ixgw/LAlA=="
    },
    "node_modules/@types/whatwg-url": {
      "version": "11.0.4",
      "resolved": "https://registry.npmjs.org/@types/whatwg-url/-/whatwg-url-11.0.4.tgz",
      "integrity": "sha512-lXCmTWSHJvf0TRSO58nm978b8HJ/EdsSsEKLd3ODHFjo+3VGAyyTp4v50nWvwtzBxSMQrVOK7tcuN0zGPLICMw==",
      "dependencies": {
        "@types/webidl-conversions": "*"
      }
    },
    "node_modules/abbrev": {
      "version": "1.1.1",
      "resolved": "https://registry.npmjs.org/abbrev/-/abbrev-1.1.1.tgz",
      "integrity": "sha512-nne9/IiQ/hzIhY6pdDnbBtz7DjPTKrY00P/zvPSm5pOFkl6xuGrGnXn/VtTNNfNtAfZ9/1RtehkszU9qcTii0Q=="
    },
    "node_modules/accepts": {
      "version": "1.3.8",
      "resolved": "https://registry.npmjs.org/accepts/-/accepts-1.3.8.tgz",
      "integrity": "sha512-PYAthTa2m2VKxuvSD3DPC/Gy+U+sOA1LAuT8mkmRuvw+NACSaeXEQ+NHcVF7rONl6qcaxV3Uuemwawk+7+SJLw==",
      "dependencies": {
        "mime-types": "~2.1.34",
        "negotiator": "0.6.3"
      },
      "engines": {
        "node": ">= 0.6"
      }
    },
    "node_modules/agent-base": {
      "version": "6.0.2",
      "resolved": "https://registry.npmjs.org/agent-base/-/agent-base-6.0.2.tgz",
      "integrity": "sha512-RZNwNclF7+MS/8bDg70amg32dyeZGZxiDuQmZxKLAlQjr3jGyLx+4Kkk58UO7D2QdgFIQCovuSuZESne6RG6XQ==",
      "dependencies": {
        "debug": "4"
      },
      "engines": {
        "node": ">= 6.0.0"
      }
    },
    "node_modules/agent-base/node_modules/debug": {
      "version": "4.3.4",
      "resolved": "https://registry.npmjs.org/debug/-/debug-4.3.4.tgz",
      "integrity": "sha512-PRWFHuSU3eDtQJPvnNY7Jcket1j0t5OuOsFzPPzsekD52Zl8qUfFIPEiswXqIvHWGVHOgX+7G/vCNNhehwxfkQ==",
      "dependencies": {
        "ms": "2.1.2"
      },
      "engines": {
        "node": ">=6.0"
      },
      "peerDependenciesMeta": {
        "supports-color": {
          "optional": true
        }
      }
    },
    "node_modules/agent-base/node_modules/ms": {
      "version": "2.1.2",
      "resolved": "https://registry.npmjs.org/ms/-/ms-2.1.2.tgz",
      "integrity": "sha512-sGkPx+VjMtmA6MX27oA4FBFELFCZZ4S4XqeGOXCv68tT+jb3vk/RyaKWP0PTKyWtmLSM0b+adUTEvbs1PEaH2w=="
    },
    "node_modules/ansi-regex": {
      "version": "5.0.1",
      "resolved": "https://registry.npmjs.org/ansi-regex/-/ansi-regex-5.0.1.tgz",
      "integrity": "sha512-quJQXlTSUGL2LH9SUXo8VwsY4soanhgo6LNSm84E1LBcE8s3O0wpdiRzyR9z/ZZJMlMWv37qOOb9pdJlMUEKFQ==",
      "engines": {
        "node": ">=8"
      }
    },
    "node_modules/anymatch": {
      "version": "3.1.3",
      "resolved": "https://registry.npmjs.org/anymatch/-/anymatch-3.1.3.tgz",
      "integrity": "sha512-KMReFUr0B4t+D+OBkjR3KYqvocp2XaSzO55UcB6mgQMd3KbcE+mWTyvVV7D/zsdEbNnV6acZUutkiHQXvTr1Rw==",
      "dev": true,
      "dependencies": {
        "normalize-path": "^3.0.0",
        "picomatch": "^2.0.4"
      },
      "engines": {
        "node": ">= 8"
      }
    },
    "node_modules/aproba": {
      "version": "2.0.0",
      "resolved": "https://registry.npmjs.org/aproba/-/aproba-2.0.0.tgz",
      "integrity": "sha512-lYe4Gx7QT+MKGbDsA+Z+he/Wtef0BiwDOlK/XkBrdfsh9J/jPPXbX0tE9x9cl27Tmu5gg3QUbUrQYa/y+KOHPQ=="
    },
    "node_modules/are-we-there-yet": {
      "version": "2.0.0",
      "resolved": "https://registry.npmjs.org/are-we-there-yet/-/are-we-there-yet-2.0.0.tgz",
      "integrity": "sha512-Ci/qENmwHnsYo9xKIcUJN5LeDKdJ6R1Z1j9V/J5wyq8nh/mYPEpIKJbBZXtZjG04HiK7zV/p6Vs9952MrMeUIw==",
      "dependencies": {
        "delegates": "^1.0.0",
        "readable-stream": "^3.6.0"
      },
      "engines": {
        "node": ">=10"
      }
    },
    "node_modules/array-flatten": {
      "version": "1.1.1",
      "resolved": "https://registry.npmjs.org/array-flatten/-/array-flatten-1.1.1.tgz",
      "integrity": "sha512-PCVAQswWemu6UdxsDFFX/+gVeYqKAod3D3UVm91jHwynguOwAvYPhx8nNlM++NqRcK6CxxpUafjmhIdKiHibqg=="
    },
    "node_modules/balanced-match": {
      "version": "1.0.2",
      "resolved": "https://registry.npmjs.org/balanced-match/-/balanced-match-1.0.2.tgz",
      "integrity": "sha512-3oSeUO0TMV67hN1AmbXsK4yaqU7tjiHlbxRDZOpH0KW9+CeX4bRAaX0Anxt0tx2MrpRpWwQaPwIlISEJhYU5Pw=="
    },
    "node_modules/bcrypt": {
      "version": "5.1.1",
      "resolved": "https://registry.npmjs.org/bcrypt/-/bcrypt-5.1.1.tgz",
      "integrity": "sha512-AGBHOG5hPYZ5Xl9KXzU5iKq9516yEmvCKDg3ecP5kX2aB6UqTeXZxk2ELnDgDm6BQSMlLt9rDB4LoSMx0rYwww==",
      "hasInstallScript": true,
      "dependencies": {
        "@mapbox/node-pre-gyp": "^1.0.11",
        "node-addon-api": "^5.0.0"
      },
      "engines": {
        "node": ">= 10.0.0"
      }
    },
    "node_modules/binary-extensions": {
      "version": "2.3.0",
      "resolved": "https://registry.npmjs.org/binary-extensions/-/binary-extensions-2.3.0.tgz",
      "integrity": "sha512-Ceh+7ox5qe7LJuLHoY0feh3pHuUDHAcRUeyL2VYghZwfpkNIy/+8Ocg0a3UuSoYzavmylwuLWQOf3hl0jjMMIw==",
      "dev": true,
      "engines": {
        "node": ">=8"
      },
      "funding": {
        "url": "https://github.com/sponsors/sindresorhus"
      }
    },
    "node_modules/body-parser": {
      "version": "1.20.2",
      "resolved": "https://registry.npmjs.org/body-parser/-/body-parser-1.20.2.tgz",
      "integrity": "sha512-ml9pReCu3M61kGlqoTm2umSXTlRTuGTx0bfYj+uIUKKYycG5NtSbeetV3faSU6R7ajOPw0g/J1PvK4qNy7s5bA==",
      "dependencies": {
        "bytes": "3.1.2",
        "content-type": "~1.0.5",
        "debug": "2.6.9",
        "depd": "2.0.0",
        "destroy": "1.2.0",
        "http-errors": "2.0.0",
        "iconv-lite": "0.4.24",
        "on-finished": "2.4.1",
        "qs": "6.11.0",
        "raw-body": "2.5.2",
        "type-is": "~1.6.18",
        "unpipe": "1.0.0"
      },
      "engines": {
        "node": ">= 0.8",
        "npm": "1.2.8000 || >= 1.4.16"
      }
    },
    "node_modules/brace-expansion": {
      "version": "1.1.11",
      "resolved": "https://registry.npmjs.org/brace-expansion/-/brace-expansion-1.1.11.tgz",
      "integrity": "sha512-iCuPHDFgrHX7H2vEI/5xpz07zSHB00TpugqhmYtVmMO6518mCuRMoOYFldEBl0g187ufozdaHgWKcYFb61qGiA==",
      "dependencies": {
        "balanced-match": "^1.0.0",
        "concat-map": "0.0.1"
      }
    },
    "node_modules/braces": {
      "version": "3.0.2",
      "resolved": "https://registry.npmjs.org/braces/-/braces-3.0.2.tgz",
      "integrity": "sha512-b8um+L1RzM3WDSzvhm6gIz1yfTbBt6YTlcEKAvsmqCZZFw46z626lVj9j1yEPW33H5H+lBQpZMP1k8l+78Ha0A==",
      "dev": true,
      "dependencies": {
        "fill-range": "^7.0.1"
      },
      "engines": {
        "node": ">=8"
      }
    },
    "node_modules/bson": {
      "version": "6.5.0",
      "resolved": "https://registry.npmjs.org/bson/-/bson-6.5.0.tgz",
      "integrity": "sha512-DXf1BTAS8vKyR90BO4x5v3rKVarmkdkzwOrnYDFdjAY694ILNDkmA3uRh1xXJEl+C1DAh8XCvAQ+Gh3kzubtpg==",
      "engines": {
        "node": ">=16.20.1"
      }
    },
    "node_modules/buffer-equal-constant-time": {
      "version": "1.0.1",
      "resolved": "https://registry.npmjs.org/buffer-equal-constant-time/-/buffer-equal-constant-time-1.0.1.tgz",
      "integrity": "sha512-zRpUiDwd/xk6ADqPMATG8vc9VPrkck7T07OIx0gnjmJAnHnTVXNQG3vfvWNuiZIkwu9KrKdA1iJKfsfTVxE6NA=="
    },
    "node_modules/bytes": {
      "version": "3.1.2",
      "resolved": "https://registry.npmjs.org/bytes/-/bytes-3.1.2.tgz",
      "integrity": "sha512-/Nf7TyzTx6S3yRJObOAV7956r8cr2+Oj8AC5dt8wSP3BQAoeX58NoHyCU8P8zGkNXStjTSi6fzO6F0pBdcYbEg==",
      "engines": {
        "node": ">= 0.8"
      }
    },
    "node_modules/call-bind": {
      "version": "1.0.7",
      "resolved": "https://registry.npmjs.org/call-bind/-/call-bind-1.0.7.tgz",
      "integrity": "sha512-GHTSNSYICQ7scH7sZ+M2rFopRoLh8t2bLSW6BbgrtLsahOIB5iyAVJf9GjWK3cYTDaMj4XdBpM1cA6pIS0Kv2w==",
      "dependencies": {
        "es-define-property": "^1.0.0",
        "es-errors": "^1.3.0",
        "function-bind": "^1.1.2",
        "get-intrinsic": "^1.2.4",
        "set-function-length": "^1.2.1"
      },
      "engines": {
        "node": ">= 0.4"
      },
      "funding": {
        "url": "https://github.com/sponsors/ljharb"
      }
    },
    "node_modules/chokidar": {
      "version": "3.6.0",
      "resolved": "https://registry.npmjs.org/chokidar/-/chokidar-3.6.0.tgz",
      "integrity": "sha512-7VT13fmjotKpGipCW9JEQAusEPE+Ei8nl6/g4FBAmIm0GOOLMua9NDDo/DWp0ZAxCr3cPq5ZpBqmPAQgDda2Pw==",
      "dev": true,
      "dependencies": {
        "anymatch": "~3.1.2",
        "braces": "~3.0.2",
        "glob-parent": "~5.1.2",
        "is-binary-path": "~2.1.0",
        "is-glob": "~4.0.1",
        "normalize-path": "~3.0.0",
        "readdirp": "~3.6.0"
      },
      "engines": {
        "node": ">= 8.10.0"
      },
      "funding": {
        "url": "https://paulmillr.com/funding/"
      },
      "optionalDependencies": {
        "fsevents": "~2.3.2"
      }
    },
    "node_modules/chownr": {
      "version": "2.0.0",
      "resolved": "https://registry.npmjs.org/chownr/-/chownr-2.0.0.tgz",
      "integrity": "sha512-bIomtDF5KGpdogkLd9VspvFzk9KfpyyGlS8YFVZl7TGPBHL5snIOnxeshwVgPteQ9b4Eydl+pVbIyE1DcvCWgQ==",
      "engines": {
        "node": ">=10"
      }
    },
    "node_modules/color-support": {
      "version": "1.1.3",
      "resolved": "https://registry.npmjs.org/color-support/-/color-support-1.1.3.tgz",
      "integrity": "sha512-qiBjkpbMLO/HL68y+lh4q0/O1MZFj2RX6X/KmMa3+gJD3z+WwI1ZzDHysvqHGS3mP6mznPckpXmw1nI9cJjyRg==",
      "bin": {
        "color-support": "bin.js"
      }
    },
    "node_modules/concat-map": {
      "version": "0.0.1",
      "resolved": "https://registry.npmjs.org/concat-map/-/concat-map-0.0.1.tgz",
      "integrity": "sha512-/Srv4dswyQNBfohGpz9o6Yb3Gz3SrUDqBH5rTuhGR7ahtlbYKnVxw2bCFMRljaA7EXHaXZ8wsHdodFvbkhKmqg=="
    },
    "node_modules/console-control-strings": {
      "version": "1.1.0",
      "resolved": "https://registry.npmjs.org/console-control-strings/-/console-control-strings-1.1.0.tgz",
      "integrity": "sha512-ty/fTekppD2fIwRvnZAVdeOiGd1c7YXEixbgJTNzqcxJWKQnjJ/V1bNEEE6hygpM3WjwHFUVK6HTjWSzV4a8sQ=="
    },
    "node_modules/content-disposition": {
      "version": "0.5.4",
      "resolved": "https://registry.npmjs.org/content-disposition/-/content-disposition-0.5.4.tgz",
      "integrity": "sha512-FveZTNuGw04cxlAiWbzi6zTAL/lhehaWbTtgluJh4/E95DqMwTmha3KZN1aAWA8cFIhHzMZUvLevkw5Rqk+tSQ==",
      "dependencies": {
        "safe-buffer": "5.2.1"
      },
      "engines": {
        "node": ">= 0.6"
      }
    },
    "node_modules/content-type": {
      "version": "1.0.5",
      "resolved": "https://registry.npmjs.org/content-type/-/content-type-1.0.5.tgz",
      "integrity": "sha512-nTjqfcBFEipKdXCv4YDQWCfmcLZKm81ldF0pAopTvyrFGVbcR6P/VAAd5G7N+0tTr8QqiU0tFadD6FK4NtJwOA==",
      "engines": {
        "node": ">= 0.6"
      }
    },
    "node_modules/cookie": {
      "version": "0.6.0",
      "resolved": "https://registry.npmjs.org/cookie/-/cookie-0.6.0.tgz",
      "integrity": "sha512-U71cyTamuh1CRNCfpGY6to28lxvNwPG4Guz/EVjgf3Jmzv0vlDp1atT9eS5dDjMYHucpHbWns6Lwf3BKz6svdw==",
      "engines": {
        "node": ">= 0.6"
      }
    },
    "node_modules/cookie-signature": {
      "version": "1.0.6",
      "resolved": "https://registry.npmjs.org/cookie-signature/-/cookie-signature-1.0.6.tgz",
      "integrity": "sha512-QADzlaHc8icV8I7vbaJXJwod9HWYp8uCqf1xa4OfNu1T7JVxQIrUgOWtHdNDtPiywmFbiS12VjotIXLrKM3orQ=="
    },
    "node_modules/cors": {
      "version": "2.8.5",
      "resolved": "https://registry.npmjs.org/cors/-/cors-2.8.5.tgz",
      "integrity": "sha512-KIHbLJqu73RGr/hnbrO9uBeixNGuvSQjul/jdFvS/KFSIH1hWVd1ng7zOHx+YrEfInLG7q4n6GHQ9cDtxv/P6g==",
      "dependencies": {
        "object-assign": "^4",
        "vary": "^1"
      },
      "engines": {
        "node": ">= 0.10"
      }
    },
    "node_modules/debug": {
      "version": "2.6.9",
      "resolved": "https://registry.npmjs.org/debug/-/debug-2.6.9.tgz",
      "integrity": "sha512-bC7ElrdJaJnPbAP+1EotYvqZsb3ecl5wi6Bfi6BJTUcNowp6cvspg0jXznRTKDjm/E7AdgFBVeAPVMNcKGsHMA==",
      "dependencies": {
        "ms": "2.0.0"
      }
    },
    "node_modules/define-data-property": {
      "version": "1.1.4",
      "resolved": "https://registry.npmjs.org/define-data-property/-/define-data-property-1.1.4.tgz",
      "integrity": "sha512-rBMvIzlpA8v6E+SJZoo++HAYqsLrkg7MSfIinMPFhmkorw7X+dOXVJQs+QT69zGkzMyfDnIMN2Wid1+NbL3T+A==",
      "dependencies": {
        "es-define-property": "^1.0.0",
        "es-errors": "^1.3.0",
        "gopd": "^1.0.1"
      },
      "engines": {
        "node": ">= 0.4"
      },
      "funding": {
        "url": "https://github.com/sponsors/ljharb"
      }
    },
    "node_modules/delegates": {
      "version": "1.0.0",
      "resolved": "https://registry.npmjs.org/delegates/-/delegates-1.0.0.tgz",
      "integrity": "sha512-bd2L678uiWATM6m5Z1VzNCErI3jiGzt6HGY8OVICs40JQq/HALfbyNJmp0UDakEY4pMMaN0Ly5om/B1VI/+xfQ=="
    },
    "node_modules/depd": {
      "version": "2.0.0",
      "resolved": "https://registry.npmjs.org/depd/-/depd-2.0.0.tgz",
      "integrity": "sha512-g7nH6P6dyDioJogAAGprGpCtVImJhpPk/roCzdb3fIh61/s/nPsfR6onyMwkCAR/OlC3yBC0lESvUoQEAssIrw==",
      "engines": {
        "node": ">= 0.8"
      }
    },
    "node_modules/destroy": {
      "version": "1.2.0",
      "resolved": "https://registry.npmjs.org/destroy/-/destroy-1.2.0.tgz",
      "integrity": "sha512-2sJGJTaXIIaR1w4iJSNoN0hnMY7Gpc/n8D4qSCJw8QqFWXf7cuAgnEHxBpweaVcPevC2l3KpjYCx3NypQQgaJg==",
      "engines": {
        "node": ">= 0.8",
        "npm": "1.2.8000 || >= 1.4.16"
      }
    },
    "node_modules/detect-libc": {
      "version": "2.0.3",
      "resolved": "https://registry.npmjs.org/detect-libc/-/detect-libc-2.0.3.tgz",
      "integrity": "sha512-bwy0MGW55bG41VqxxypOsdSdGqLwXPI/focwgTYCFMbdUiBAxLg9CFzG08sz2aqzknwiX7Hkl0bQENjg8iLByw==",
      "engines": {
        "node": ">=8"
      }
    },
    "node_modules/dotenv": {
      "version": "16.4.5",
      "resolved": "https://registry.npmjs.org/dotenv/-/dotenv-16.4.5.tgz",
      "integrity": "sha512-ZmdL2rui+eB2YwhsWzjInR8LldtZHGDoQ1ugH85ppHKwpUHL7j7rN0Ti9NCnGiQbhaZ11FpR+7ao1dNsmduNUg==",
      "engines": {
        "node": ">=12"
      },
      "funding": {
        "url": "https://dotenvx.com"
      }
    },
    "node_modules/ecdsa-sig-formatter": {
      "version": "1.0.11",
      "resolved": "https://registry.npmjs.org/ecdsa-sig-formatter/-/ecdsa-sig-formatter-1.0.11.tgz",
      "integrity": "sha512-nagl3RYrbNv6kQkeJIpt6NJZy8twLB/2vtz6yN9Z4vRKHN4/QZJIEbqohALSgwKdnksuY3k5Addp5lg8sVoVcQ==",
      "dependencies": {
        "safe-buffer": "^5.0.1"
      }
    },
    "node_modules/ee-first": {
      "version": "1.1.1",
      "resolved": "https://registry.npmjs.org/ee-first/-/ee-first-1.1.1.tgz",
      "integrity": "sha512-WMwm9LhRUo+WUaRN+vRuETqG89IgZphVSNkdFgeb6sS/E4OrDIN7t48CAewSHXc6C8lefD8KKfr5vY61brQlow=="
    },
    "node_modules/emoji-regex": {
      "version": "8.0.0",
      "resolved": "https://registry.npmjs.org/emoji-regex/-/emoji-regex-8.0.0.tgz",
      "integrity": "sha512-MSjYzcWNOA0ewAHpz0MxpYFvwg6yjy1NG3xteoqz644VCo/RPgnr1/GGt+ic3iJTzQ8Eu3TdM14SawnVUmGE6A=="
    },
    "node_modules/encodeurl": {
      "version": "1.0.2",
      "resolved": "https://registry.npmjs.org/encodeurl/-/encodeurl-1.0.2.tgz",
      "integrity": "sha512-TPJXq8JqFaVYm2CWmPvnP2Iyo4ZSM7/QKcSmuMLDObfpH5fi7RUGmd/rTDf+rut/saiDiQEeVTNgAmJEdAOx0w==",
      "engines": {
        "node": ">= 0.8"
      }
    },
    "node_modules/es-define-property": {
      "version": "1.0.0",
      "resolved": "https://registry.npmjs.org/es-define-property/-/es-define-property-1.0.0.tgz",
      "integrity": "sha512-jxayLKShrEqqzJ0eumQbVhTYQM27CfT1T35+gCgDFoL82JLsXqTJ76zv6A0YLOgEnLUMvLzsDsGIrl8NFpT2gQ==",
      "dependencies": {
        "get-intrinsic": "^1.2.4"
      },
      "engines": {
        "node": ">= 0.4"
      }
    },
    "node_modules/es-errors": {
      "version": "1.3.0",
      "resolved": "https://registry.npmjs.org/es-errors/-/es-errors-1.3.0.tgz",
      "integrity": "sha512-Zf5H2Kxt2xjTvbJvP2ZWLEICxA6j+hAmMzIlypy4xcBg1vKVnx89Wy0GbS+kf5cwCVFFzdCFh2XSCFNULS6csw==",
      "engines": {
        "node": ">= 0.4"
      }
    },
    "node_modules/escape-html": {
      "version": "1.0.3",
      "resolved": "https://registry.npmjs.org/escape-html/-/escape-html-1.0.3.tgz",
      "integrity": "sha512-NiSupZ4OeuGwr68lGIeym/ksIZMJodUGOSCZ/FSnTxcrekbvqrgdUxlJOMpijaKZVjAJrWrGs/6Jy8OMuyj9ow=="
    },
    "node_modules/etag": {
      "version": "1.8.1",
      "resolved": "https://registry.npmjs.org/etag/-/etag-1.8.1.tgz",
      "integrity": "sha512-aIL5Fx7mawVa300al2BnEE4iNvo1qETxLrPI/o05L7z6go7fCw1J6EQmbK4FmJ2AS7kgVF/KEZWufBfdClMcPg==",
      "engines": {
        "node": ">= 0.6"
      }
    },
    "node_modules/express": {
      "version": "4.19.1",
      "resolved": "https://registry.npmjs.org/express/-/express-4.19.1.tgz",
      "integrity": "sha512-K4w1/Bp7y8iSiVObmCrtq8Cs79XjJc/RU2YYkZQ7wpUu5ZyZ7MtPHkqoMz4pf+mgXfNvo2qft8D9OnrH2ABk9w==",
      "dependencies": {
        "accepts": "~1.3.8",
        "array-flatten": "1.1.1",
        "body-parser": "1.20.2",
        "content-disposition": "0.5.4",
        "content-type": "~1.0.4",
        "cookie": "0.6.0",
        "cookie-signature": "1.0.6",
        "debug": "2.6.9",
        "depd": "2.0.0",
        "encodeurl": "~1.0.2",
        "escape-html": "~1.0.3",
        "etag": "~1.8.1",
        "finalhandler": "1.2.0",
        "fresh": "0.5.2",
        "http-errors": "2.0.0",
        "merge-descriptors": "1.0.1",
        "methods": "~1.1.2",
        "on-finished": "2.4.1",
        "parseurl": "~1.3.3",
        "path-to-regexp": "0.1.7",
        "proxy-addr": "~2.0.7",
        "qs": "6.11.0",
        "range-parser": "~1.2.1",
        "safe-buffer": "5.2.1",
        "send": "0.18.0",
        "serve-static": "1.15.0",
        "setprototypeof": "1.2.0",
        "statuses": "2.0.1",
        "type-is": "~1.6.18",
        "utils-merge": "1.0.1",
        "vary": "~1.1.2"
      },
      "engines": {
        "node": ">= 0.10.0"
      }
    },
    "node_modules/fill-range": {
      "version": "7.0.1",
      "resolved": "https://registry.npmjs.org/fill-range/-/fill-range-7.0.1.tgz",
      "integrity": "sha512-qOo9F+dMUmC2Lcb4BbVvnKJxTPjCm+RRpe4gDuGrzkL7mEVl/djYSu2OdQ2Pa302N4oqkSg9ir6jaLWJ2USVpQ==",
      "dev": true,
      "dependencies": {
        "to-regex-range": "^5.0.1"
      },
      "engines": {
        "node": ">=8"
      }
    },
    "node_modules/finalhandler": {
      "version": "1.2.0",
      "resolved": "https://registry.npmjs.org/finalhandler/-/finalhandler-1.2.0.tgz",
      "integrity": "sha512-5uXcUVftlQMFnWC9qu/svkWv3GTd2PfUhK/3PLkYNAe7FbqJMt3515HaxE6eRL74GdsriiwujiawdaB1BpEISg==",
      "dependencies": {
        "debug": "2.6.9",
        "encodeurl": "~1.0.2",
        "escape-html": "~1.0.3",
        "on-finished": "2.4.1",
        "parseurl": "~1.3.3",
        "statuses": "2.0.1",
        "unpipe": "~1.0.0"
      },
      "engines": {
        "node": ">= 0.8"
      }
    },
    "node_modules/forwarded": {
      "version": "0.2.0",
      "resolved": "https://registry.npmjs.org/forwarded/-/forwarded-0.2.0.tgz",
      "integrity": "sha512-buRG0fpBtRHSTCOASe6hD258tEubFoRLb4ZNA6NxMVHNw2gOcwHo9wyablzMzOA5z9xA9L1KNjk/Nt6MT9aYow==",
      "engines": {
        "node": ">= 0.6"
      }
    },
    "node_modules/fresh": {
      "version": "0.5.2",
      "resolved": "https://registry.npmjs.org/fresh/-/fresh-0.5.2.tgz",
      "integrity": "sha512-zJ2mQYM18rEFOudeV4GShTGIQ7RbzA7ozbU9I/XBpm7kqgMywgmylMwXHxZJmkVoYkna9d2pVXVXPdYTP9ej8Q==",
      "engines": {
        "node": ">= 0.6"
      }
    },
    "node_modules/fs-minipass": {
      "version": "2.1.0",
      "resolved": "https://registry.npmjs.org/fs-minipass/-/fs-minipass-2.1.0.tgz",
      "integrity": "sha512-V/JgOLFCS+R6Vcq0slCuaeWEdNC3ouDlJMNIsacH2VtALiu9mV4LPrHc5cDl8k5aw6J8jwgWWpiTo5RYhmIzvg==",
      "dependencies": {
        "minipass": "^3.0.0"
      },
      "engines": {
        "node": ">= 8"
      }
    },
    "node_modules/fs-minipass/node_modules/minipass": {
      "version": "3.3.6",
      "resolved": "https://registry.npmjs.org/minipass/-/minipass-3.3.6.tgz",
      "integrity": "sha512-DxiNidxSEK+tHG6zOIklvNOwm3hvCrbUrdtzY74U6HKTJxvIDfOUL5W5P2Ghd3DTkhhKPYGqeNUIh5qcM4YBfw==",
      "dependencies": {
        "yallist": "^4.0.0"
      },
      "engines": {
        "node": ">=8"
      }
    },
    "node_modules/fs.realpath": {
      "version": "1.0.0",
      "resolved": "https://registry.npmjs.org/fs.realpath/-/fs.realpath-1.0.0.tgz",
      "integrity": "sha512-OO0pH2lK6a0hZnAdau5ItzHPI6pUlvI7jMVnxUQRtw4owF2wk8lOSabtGDCTP4Ggrg2MbGnWO9X8K1t4+fGMDw=="
    },
    "node_modules/fsevents": {
      "version": "2.3.3",
      "resolved": "https://registry.npmjs.org/fsevents/-/fsevents-2.3.3.tgz",
      "integrity": "sha512-5xoDfX+fL7faATnagmWPpbFtwh/R77WmMMqqHGS65C3vvB0YHrgF+B1YmZ3441tMj5n63k0212XNoJwzlhffQw==",
      "dev": true,
      "hasInstallScript": true,
      "optional": true,
      "os": [
        "darwin"
      ],
      "engines": {
        "node": "^8.16.0 || ^10.6.0 || >=11.0.0"
      }
    },
    "node_modules/function-bind": {
      "version": "1.1.2",
      "resolved": "https://registry.npmjs.org/function-bind/-/function-bind-1.1.2.tgz",
      "integrity": "sha512-7XHNxH7qX9xG5mIwxkhumTox/MIRNcOgDrxWsMt2pAr23WHp6MrRlN7FBSFpCpr+oVO0F744iUgR82nJMfG2SA==",
      "funding": {
        "url": "https://github.com/sponsors/ljharb"
      }
    },
    "node_modules/gauge": {
      "version": "3.0.2",
      "resolved": "https://registry.npmjs.org/gauge/-/gauge-3.0.2.tgz",
      "integrity": "sha512-+5J6MS/5XksCuXq++uFRsnUd7Ovu1XenbeuIuNRJxYWjgQbPuFhT14lAvsWfqfAmnwluf1OwMjz39HjfLPci0Q==",
      "dependencies": {
        "aproba": "^1.0.3 || ^2.0.0",
        "color-support": "^1.1.2",
        "console-control-strings": "^1.0.0",
        "has-unicode": "^2.0.1",
        "object-assign": "^4.1.1",
        "signal-exit": "^3.0.0",
        "string-width": "^4.2.3",
        "strip-ansi": "^6.0.1",
        "wide-align": "^1.1.2"
      },
      "engines": {
        "node": ">=10"
      }
    },
    "node_modules/get-intrinsic": {
      "version": "1.2.4",
      "resolved": "https://registry.npmjs.org/get-intrinsic/-/get-intrinsic-1.2.4.tgz",
      "integrity": "sha512-5uYhsJH8VJBTv7oslg4BznJYhDoRI6waYCxMmCdnTrcCrHA/fCFKoTFz2JKKE0HdDFUF7/oQuhzumXJK7paBRQ==",
      "dependencies": {
        "es-errors": "^1.3.0",
        "function-bind": "^1.1.2",
        "has-proto": "^1.0.1",
        "has-symbols": "^1.0.3",
        "hasown": "^2.0.0"
      },
      "engines": {
        "node": ">= 0.4"
      },
      "funding": {
        "url": "https://github.com/sponsors/ljharb"
      }
    },
    "node_modules/glob": {
      "version": "7.2.3",
      "resolved": "https://registry.npmjs.org/glob/-/glob-7.2.3.tgz",
      "integrity": "sha512-nFR0zLpU2YCaRxwoCJvL6UvCH2JFyFVIvwTLsIf21AuHlMskA1hhTdk+LlYJtOlYt9v6dvszD2BGRqBL+iQK9Q==",
      "dependencies": {
        "fs.realpath": "^1.0.0",
        "inflight": "^1.0.4",
        "inherits": "2",
        "minimatch": "^3.1.1",
        "once": "^1.3.0",
        "path-is-absolute": "^1.0.0"
      },
      "engines": {
        "node": "*"
      },
      "funding": {
        "url": "https://github.com/sponsors/isaacs"
      }
    },
    "node_modules/glob-parent": {
      "version": "5.1.2",
      "resolved": "https://registry.npmjs.org/glob-parent/-/glob-parent-5.1.2.tgz",
      "integrity": "sha512-AOIgSQCepiJYwP3ARnGx+5VnTu2HBYdzbGP45eLw1vr3zB3vZLeyed1sC9hnbcOc9/SrMyM5RPQrkGz4aS9Zow==",
      "dev": true,
      "dependencies": {
        "is-glob": "^4.0.1"
      },
      "engines": {
        "node": ">= 6"
      }
    },
    "node_modules/gopd": {
      "version": "1.0.1",
      "resolved": "https://registry.npmjs.org/gopd/-/gopd-1.0.1.tgz",
      "integrity": "sha512-d65bNlIadxvpb/A2abVdlqKqV563juRnZ1Wtk6s1sIR8uNsXR70xqIzVqxVf1eTqDunwT2MkczEeaezCKTZhwA==",
      "dependencies": {
        "get-intrinsic": "^1.1.3"
      },
      "funding": {
        "url": "https://github.com/sponsors/ljharb"
      }
    },
    "node_modules/has-flag": {
      "version": "3.0.0",
      "resolved": "https://registry.npmjs.org/has-flag/-/has-flag-3.0.0.tgz",
      "integrity": "sha512-sKJf1+ceQBr4SMkvQnBDNDtf4TXpVhVGateu0t918bl30FnbE2m4vNLX+VWe/dpjlb+HugGYzW7uQXH98HPEYw==",
      "dev": true,
      "engines": {
        "node": ">=4"
      }
    },
    "node_modules/has-property-descriptors": {
      "version": "1.0.2",
      "resolved": "https://registry.npmjs.org/has-property-descriptors/-/has-property-descriptors-1.0.2.tgz",
      "integrity": "sha512-55JNKuIW+vq4Ke1BjOTjM2YctQIvCT7GFzHwmfZPGo5wnrgkid0YQtnAleFSqumZm4az3n2BS+erby5ipJdgrg==",
      "dependencies": {
        "es-define-property": "^1.0.0"
      },
      "funding": {
        "url": "https://github.com/sponsors/ljharb"
      }
    },
    "node_modules/has-proto": {
      "version": "1.0.3",
      "resolved": "https://registry.npmjs.org/has-proto/-/has-proto-1.0.3.tgz",
      "integrity": "sha512-SJ1amZAJUiZS+PhsVLf5tGydlaVB8EdFpaSO4gmiUKUOxk8qzn5AIy4ZeJUmh22znIdk/uMAUT2pl3FxzVUH+Q==",
      "engines": {
        "node": ">= 0.4"
      },
      "funding": {
        "url": "https://github.com/sponsors/ljharb"
      }
    },
    "node_modules/has-symbols": {
      "version": "1.0.3",
      "resolved": "https://registry.npmjs.org/has-symbols/-/has-symbols-1.0.3.tgz",
      "integrity": "sha512-l3LCuF6MgDNwTDKkdYGEihYjt5pRPbEg46rtlmnSPlUbgmB8LOIrKJbYYFBSbnPaJexMKtiPO8hmeRjRz2Td+A==",
      "engines": {
        "node": ">= 0.4"
      },
      "funding": {
        "url": "https://github.com/sponsors/ljharb"
      }
    },
    "node_modules/has-unicode": {
      "version": "2.0.1",
      "resolved": "https://registry.npmjs.org/has-unicode/-/has-unicode-2.0.1.tgz",
      "integrity": "sha512-8Rf9Y83NBReMnx0gFzA8JImQACstCYWUplepDa9xprwwtmgEZUF0h/i5xSA625zB/I37EtrswSST6OXxwaaIJQ=="
    },
    "node_modules/hasown": {
      "version": "2.0.2",
      "resolved": "https://registry.npmjs.org/hasown/-/hasown-2.0.2.tgz",
      "integrity": "sha512-0hJU9SCPvmMzIBdZFqNPXWa6dqh7WdH0cII9y+CyS8rG3nL48Bclra9HmKhVVUHyPWNH5Y7xDwAB7bfgSjkUMQ==",
      "dependencies": {
        "function-bind": "^1.1.2"
      },
      "engines": {
        "node": ">= 0.4"
      }
    },
    "node_modules/http-errors": {
      "version": "2.0.0",
      "resolved": "https://registry.npmjs.org/http-errors/-/http-errors-2.0.0.tgz",
      "integrity": "sha512-FtwrG/euBzaEjYeRqOgly7G0qviiXoJWnvEH2Z1plBdXgbyjv34pHTSb9zoeHMyDy33+DWy5Wt9Wo+TURtOYSQ==",
      "dependencies": {
        "depd": "2.0.0",
        "inherits": "2.0.4",
        "setprototypeof": "1.2.0",
        "statuses": "2.0.1",
        "toidentifier": "1.0.1"
      },
      "engines": {
        "node": ">= 0.8"
      }
    },
    "node_modules/https-proxy-agent": {
      "version": "5.0.1",
      "resolved": "https://registry.npmjs.org/https-proxy-agent/-/https-proxy-agent-5.0.1.tgz",
      "integrity": "sha512-dFcAjpTQFgoLMzC2VwU+C/CbS7uRL0lWmxDITmqm7C+7F0Odmj6s9l6alZc6AELXhrnggM2CeWSXHGOdX2YtwA==",
      "dependencies": {
        "agent-base": "6",
        "debug": "4"
      },
      "engines": {
        "node": ">= 6"
      }
    },
    "node_modules/https-proxy-agent/node_modules/debug": {
      "version": "4.3.4",
      "resolved": "https://registry.npmjs.org/debug/-/debug-4.3.4.tgz",
      "integrity": "sha512-PRWFHuSU3eDtQJPvnNY7Jcket1j0t5OuOsFzPPzsekD52Zl8qUfFIPEiswXqIvHWGVHOgX+7G/vCNNhehwxfkQ==",
      "dependencies": {
        "ms": "2.1.2"
      },
      "engines": {
        "node": ">=6.0"
      },
      "peerDependenciesMeta": {
        "supports-color": {
          "optional": true
        }
      }
    },
    "node_modules/https-proxy-agent/node_modules/ms": {
      "version": "2.1.2",
      "resolved": "https://registry.npmjs.org/ms/-/ms-2.1.2.tgz",
      "integrity": "sha512-sGkPx+VjMtmA6MX27oA4FBFELFCZZ4S4XqeGOXCv68tT+jb3vk/RyaKWP0PTKyWtmLSM0b+adUTEvbs1PEaH2w=="
    },
    "node_modules/iconv-lite": {
      "version": "0.4.24",
      "resolved": "https://registry.npmjs.org/iconv-lite/-/iconv-lite-0.4.24.tgz",
      "integrity": "sha512-v3MXnZAcvnywkTUEZomIActle7RXXeedOR31wwl7VlyoXO4Qi9arvSenNQWne1TcRwhCL1HwLI21bEqdpj8/rA==",
      "dependencies": {
        "safer-buffer": ">= 2.1.2 < 3"
      },
      "engines": {
        "node": ">=0.10.0"
      }
    },
    "node_modules/ignore-by-default": {
      "version": "1.0.1",
      "resolved": "https://registry.npmjs.org/ignore-by-default/-/ignore-by-default-1.0.1.tgz",
      "integrity": "sha512-Ius2VYcGNk7T90CppJqcIkS5ooHUZyIQK+ClZfMfMNFEF9VSE73Fq+906u/CWu92x4gzZMWOwfFYckPObzdEbA==",
      "dev": true
    },
    "node_modules/inflight": {
      "version": "1.0.6",
      "resolved": "https://registry.npmjs.org/inflight/-/inflight-1.0.6.tgz",
      "integrity": "sha512-k92I/b08q4wvFscXCLvqfsHCrjrF7yiXsQuIVvVE7N82W3+aqpzuUdBbfhWcy/FZR3/4IgflMgKLOsvPDrGCJA==",
      "dependencies": {
        "once": "^1.3.0",
        "wrappy": "1"
      }
    },
    "node_modules/inherits": {
      "version": "2.0.4",
      "resolved": "https://registry.npmjs.org/inherits/-/inherits-2.0.4.tgz",
      "integrity": "sha512-k/vGaX4/Yla3WzyMCvTQOXYeIHvqOKtnqBduzTHpzpQZzAskKMhZ2K+EnBiSM9zGSoIFeMpXKxa4dYeZIQqewQ=="
    },
    "node_modules/ipaddr.js": {
      "version": "1.9.1",
      "resolved": "https://registry.npmjs.org/ipaddr.js/-/ipaddr.js-1.9.1.tgz",
      "integrity": "sha512-0KI/607xoxSToH7GjN1FfSbLoU0+btTicjsQSWQlh/hZykN8KpmMf7uYwPW3R+akZ6R/w18ZlXSHBYXiYUPO3g==",
      "engines": {
        "node": ">= 0.10"
      }
    },
    "node_modules/is-binary-path": {
      "version": "2.1.0",
      "resolved": "https://registry.npmjs.org/is-binary-path/-/is-binary-path-2.1.0.tgz",
      "integrity": "sha512-ZMERYes6pDydyuGidse7OsHxtbI7WVeUEozgR/g7rd0xUimYNlvZRE/K2MgZTjWy725IfelLeVcEM97mmtRGXw==",
      "dev": true,
      "dependencies": {
        "binary-extensions": "^2.0.0"
      },
      "engines": {
        "node": ">=8"
      }
    },
    "node_modules/is-extglob": {
      "version": "2.1.1",
      "resolved": "https://registry.npmjs.org/is-extglob/-/is-extglob-2.1.1.tgz",
      "integrity": "sha512-SbKbANkN603Vi4jEZv49LeVJMn4yGwsbzZworEoyEiutsN3nJYdbO36zfhGJ6QEDpOZIFkDtnq5JRxmvl3jsoQ==",
      "dev": true,
      "engines": {
        "node": ">=0.10.0"
      }
    },
    "node_modules/is-fullwidth-code-point": {
      "version": "3.0.0",
      "resolved": "https://registry.npmjs.org/is-fullwidth-code-point/-/is-fullwidth-code-point-3.0.0.tgz",
      "integrity": "sha512-zymm5+u+sCsSWyD9qNaejV3DFvhCKclKdizYaJUuHA83RLjb7nSuGnddCHGv0hk+KY7BMAlsWeK4Ueg6EV6XQg==",
      "engines": {
        "node": ">=8"
      }
    },
    "node_modules/is-glob": {
      "version": "4.0.3",
      "resolved": "https://registry.npmjs.org/is-glob/-/is-glob-4.0.3.tgz",
      "integrity": "sha512-xelSayHH36ZgE7ZWhli7pW34hNbNl8Ojv5KVmkJD4hBdD3th8Tfk9vYasLM+mXWOZhFkgZfxhLSnrwRr4elSSg==",
      "dev": true,
      "dependencies": {
        "is-extglob": "^2.1.1"
      },
      "engines": {
        "node": ">=0.10.0"
      }
    },
    "node_modules/is-number": {
      "version": "7.0.0",
      "resolved": "https://registry.npmjs.org/is-number/-/is-number-7.0.0.tgz",
      "integrity": "sha512-41Cifkg6e8TylSpdtTpeLVMqvSBEVzTttHvERD741+pnZ8ANv0004MRL43QKPDlK9cGvNp6NZWZUBlbGXYxxng==",
      "dev": true,
      "engines": {
        "node": ">=0.12.0"
      }
    },
    "node_modules/jsonwebtoken": {
      "version": "9.0.2",
      "resolved": "https://registry.npmjs.org/jsonwebtoken/-/jsonwebtoken-9.0.2.tgz",
      "integrity": "sha512-PRp66vJ865SSqOlgqS8hujT5U4AOgMfhrwYIuIhfKaoSCZcirrmASQr8CX7cUg+RMih+hgznrjp99o+W4pJLHQ==",
      "dependencies": {
        "jws": "^3.2.2",
        "lodash.includes": "^4.3.0",
        "lodash.isboolean": "^3.0.3",
        "lodash.isinteger": "^4.0.4",
        "lodash.isnumber": "^3.0.3",
        "lodash.isplainobject": "^4.0.6",
        "lodash.isstring": "^4.0.1",
        "lodash.once": "^4.0.0",
        "ms": "^2.1.1",
        "semver": "^7.5.4"
      },
      "engines": {
        "node": ">=12",
        "npm": ">=6"
      }
    },
    "node_modules/jsonwebtoken/node_modules/ms": {
      "version": "2.1.3",
      "resolved": "https://registry.npmjs.org/ms/-/ms-2.1.3.tgz",
      "integrity": "sha512-6FlzubTLZG3J2a/NVCAleEhjzq5oxgHyaCU9yYXvcLsvoVaHJq/s5xXI6/XXP6tz7R9xAOtHnSO/tXtF3WRTlA=="
    },
    "node_modules/jwa": {
      "version": "1.4.1",
      "resolved": "https://registry.npmjs.org/jwa/-/jwa-1.4.1.tgz",
      "integrity": "sha512-qiLX/xhEEFKUAJ6FiBMbes3w9ATzyk5W7Hvzpa/SLYdxNtng+gcurvrI7TbACjIXlsJyr05/S1oUhZrc63evQA==",
      "dependencies": {
        "buffer-equal-constant-time": "1.0.1",
        "ecdsa-sig-formatter": "1.0.11",
        "safe-buffer": "^5.0.1"
      }
    },
    "node_modules/jws": {
      "version": "3.2.2",
      "resolved": "https://registry.npmjs.org/jws/-/jws-3.2.2.tgz",
      "integrity": "sha512-YHlZCB6lMTllWDtSPHz/ZXTsi8S00usEV6v1tjq8tOUZzw7DpSDWVXjXDre6ed1w/pd495ODpHZYSdkRTsa0HA==",
      "dependencies": {
        "jwa": "^1.4.1",
        "safe-buffer": "^5.0.1"
      }
    },
    "node_modules/kareem": {
      "version": "2.5.1",
      "resolved": "https://registry.npmjs.org/kareem/-/kareem-2.5.1.tgz",
      "integrity": "sha512-7jFxRVm+jD+rkq3kY0iZDJfsO2/t4BBPeEb2qKn2lR/9KhuksYk5hxzfRYWMPV8P/x2d0kHD306YyWLzjjH+uA==",
      "engines": {
        "node": ">=12.0.0"
      }
    },
    "node_modules/lodash.includes": {
      "version": "4.3.0",
      "resolved": "https://registry.npmjs.org/lodash.includes/-/lodash.includes-4.3.0.tgz",
      "integrity": "sha512-W3Bx6mdkRTGtlJISOvVD/lbqjTlPPUDTMnlXZFnVwi9NKJ6tiAk6LVdlhZMm17VZisqhKcgzpO5Wz91PCt5b0w=="
    },
    "node_modules/lodash.isboolean": {
      "version": "3.0.3",
      "resolved": "https://registry.npmjs.org/lodash.isboolean/-/lodash.isboolean-3.0.3.tgz",
      "integrity": "sha512-Bz5mupy2SVbPHURB98VAcw+aHh4vRV5IPNhILUCsOzRmsTmSQ17jIuqopAentWoehktxGd9e/hbIXq980/1QJg=="
    },
    "node_modules/lodash.isinteger": {
      "version": "4.0.4",
      "resolved": "https://registry.npmjs.org/lodash.isinteger/-/lodash.isinteger-4.0.4.tgz",
      "integrity": "sha512-DBwtEWN2caHQ9/imiNeEA5ys1JoRtRfY3d7V9wkqtbycnAmTvRRmbHKDV4a0EYc678/dia0jrte4tjYwVBaZUA=="
    },
    "node_modules/lodash.isnumber": {
      "version": "3.0.3",
      "resolved": "https://registry.npmjs.org/lodash.isnumber/-/lodash.isnumber-3.0.3.tgz",
      "integrity": "sha512-QYqzpfwO3/CWf3XP+Z+tkQsfaLL/EnUlXWVkIk5FUPc4sBdTehEqZONuyRt2P67PXAk+NXmTBcc97zw9t1FQrw=="
    },
    "node_modules/lodash.isplainobject": {
      "version": "4.0.6",
      "resolved": "https://registry.npmjs.org/lodash.isplainobject/-/lodash.isplainobject-4.0.6.tgz",
      "integrity": "sha512-oSXzaWypCMHkPC3NvBEaPHf0KsA5mvPrOPgQWDsbg8n7orZ290M0BmC/jgRZ4vcJ6DTAhjrsSYgdsW/F+MFOBA=="
    },
    "node_modules/lodash.isstring": {
      "version": "4.0.1",
      "resolved": "https://registry.npmjs.org/lodash.isstring/-/lodash.isstring-4.0.1.tgz",
      "integrity": "sha512-0wJxfxH1wgO3GrbuP+dTTk7op+6L41QCXbGINEmD+ny/G/eCqGzxyCsh7159S+mgDDcoarnBw6PC1PS5+wUGgw=="
    },
    "node_modules/lodash.once": {
      "version": "4.1.1",
      "resolved": "https://registry.npmjs.org/lodash.once/-/lodash.once-4.1.1.tgz",
      "integrity": "sha512-Sb487aTOCr9drQVL8pIxOzVhafOjZN9UU54hiN8PU3uAiSV7lx1yYNpbNmex2PK6dSJoNTSJUUswT651yww3Mg=="
    },
    "node_modules/lru-cache": {
      "version": "6.0.0",
      "resolved": "https://registry.npmjs.org/lru-cache/-/lru-cache-6.0.0.tgz",
      "integrity": "sha512-Jo6dJ04CmSjuznwJSS3pUeWmd/H0ffTlkXXgwZi+eq1UCmqQwCh+eLsYOYCwY991i2Fah4h1BEMCx4qThGbsiA==",
      "dependencies": {
        "yallist": "^4.0.0"
      },
      "engines": {
        "node": ">=10"
      }
    },
    "node_modules/make-dir": {
      "version": "3.1.0",
      "resolved": "https://registry.npmjs.org/make-dir/-/make-dir-3.1.0.tgz",
      "integrity": "sha512-g3FeP20LNwhALb/6Cz6Dd4F2ngze0jz7tbzrD2wAV+o9FeNHe4rL+yK2md0J/fiSf1sa1ADhXqi5+oVwOM/eGw==",
      "dependencies": {
        "semver": "^6.0.0"
      },
      "engines": {
        "node": ">=8"
      },
      "funding": {
        "url": "https://github.com/sponsors/sindresorhus"
      }
    },
    "node_modules/make-dir/node_modules/semver": {
      "version": "6.3.1",
      "resolved": "https://registry.npmjs.org/semver/-/semver-6.3.1.tgz",
      "integrity": "sha512-BR7VvDCVHO+q2xBEWskxS6DJE1qRnb7DxzUrogb71CWoSficBxYsiAGd+Kl0mmq/MprG9yArRkyrQxTO6XjMzA==",
      "bin": {
        "semver": "bin/semver.js"
      }
    },
    "node_modules/media-typer": {
      "version": "0.3.0",
      "resolved": "https://registry.npmjs.org/media-typer/-/media-typer-0.3.0.tgz",
      "integrity": "sha512-dq+qelQ9akHpcOl/gUVRTxVIOkAJ1wR3QAvb4RsVjS8oVoFjDGTc679wJYmUmknUF5HwMLOgb5O+a3KxfWapPQ==",
      "engines": {
        "node": ">= 0.6"
      }
    },
    "node_modules/memory-pager": {
      "version": "1.5.0",
      "resolved": "https://registry.npmjs.org/memory-pager/-/memory-pager-1.5.0.tgz",
      "integrity": "sha512-ZS4Bp4r/Zoeq6+NLJpP+0Zzm0pR8whtGPf1XExKLJBAczGMnSi3It14OiNCStjQjM6NU1okjQGSxgEZN8eBYKg=="
    },
    "node_modules/merge-descriptors": {
      "version": "1.0.1",
      "resolved": "https://registry.npmjs.org/merge-descriptors/-/merge-descriptors-1.0.1.tgz",
      "integrity": "sha512-cCi6g3/Zr1iqQi6ySbseM1Xvooa98N0w31jzUYrXPX2xqObmFGHJ0tQ5u74H3mVh7wLouTseZyYIq39g8cNp1w=="
    },
    "node_modules/methods": {
      "version": "1.1.2",
      "resolved": "https://registry.npmjs.org/methods/-/methods-1.1.2.tgz",
      "integrity": "sha512-iclAHeNqNm68zFtnZ0e+1L2yUIdvzNoauKU4WBA3VvH/vPFieF7qfRlwUZU+DA9P9bPXIS90ulxoUoCH23sV2w==",
      "engines": {
        "node": ">= 0.6"
      }
    },
    "node_modules/mime": {
      "version": "1.6.0",
      "resolved": "https://registry.npmjs.org/mime/-/mime-1.6.0.tgz",
      "integrity": "sha512-x0Vn8spI+wuJ1O6S7gnbaQg8Pxh4NNHb7KSINmEWKiPE4RKOplvijn+NkmYmmRgP68mc70j2EbeTFRsrswaQeg==",
      "bin": {
        "mime": "cli.js"
      },
      "engines": {
        "node": ">=4"
      }
    },
    "node_modules/mime-db": {
      "version": "1.52.0",
      "resolved": "https://registry.npmjs.org/mime-db/-/mime-db-1.52.0.tgz",
      "integrity": "sha512-sPU4uV7dYlvtWJxwwxHD0PuihVNiE7TyAbQ5SWxDCB9mUYvOgroQOwYQQOKPJ8CIbE+1ETVlOoK1UC2nU3gYvg==",
      "engines": {
        "node": ">= 0.6"
      }
    },
    "node_modules/mime-types": {
      "version": "2.1.35",
      "resolved": "https://registry.npmjs.org/mime-types/-/mime-types-2.1.35.tgz",
      "integrity": "sha512-ZDY+bPm5zTTF+YpCrAU9nK0UgICYPT0QtT1NZWFv4s++TNkcgVaT0g6+4R2uI4MjQjzysHB1zxuWL50hzaeXiw==",
      "dependencies": {
        "mime-db": "1.52.0"
      },
      "engines": {
        "node": ">= 0.6"
      }
    },
    "node_modules/minimatch": {
      "version": "3.1.2",
      "resolved": "https://registry.npmjs.org/minimatch/-/minimatch-3.1.2.tgz",
      "integrity": "sha512-J7p63hRiAjw1NDEww1W7i37+ByIrOWO5XQQAzZ3VOcL0PNybwpfmV/N05zFAzwQ9USyEcX6t3UO+K5aqBQOIHw==",
      "dependencies": {
        "brace-expansion": "^1.1.7"
      },
      "engines": {
        "node": "*"
      }
    },
    "node_modules/minipass": {
      "version": "5.0.0",
      "resolved": "https://registry.npmjs.org/minipass/-/minipass-5.0.0.tgz",
      "integrity": "sha512-3FnjYuehv9k6ovOEbyOswadCDPX1piCfhV8ncmYtHOjuPwylVWsghTLo7rabjC3Rx5xD4HDx8Wm1xnMF7S5qFQ==",
      "engines": {
        "node": ">=8"
      }
    },
    "node_modules/minizlib": {
      "version": "2.1.2",
      "resolved": "https://registry.npmjs.org/minizlib/-/minizlib-2.1.2.tgz",
      "integrity": "sha512-bAxsR8BVfj60DWXHE3u30oHzfl4G7khkSuPW+qvpd7jFRHm7dLxOjUk1EHACJ/hxLY8phGJ0YhYHZo7jil7Qdg==",
      "dependencies": {
        "minipass": "^3.0.0",
        "yallist": "^4.0.0"
      },
      "engines": {
        "node": ">= 8"
      }
    },
    "node_modules/minizlib/node_modules/minipass": {
      "version": "3.3.6",
      "resolved": "https://registry.npmjs.org/minipass/-/minipass-3.3.6.tgz",
      "integrity": "sha512-DxiNidxSEK+tHG6zOIklvNOwm3hvCrbUrdtzY74U6HKTJxvIDfOUL5W5P2Ghd3DTkhhKPYGqeNUIh5qcM4YBfw==",
      "dependencies": {
        "yallist": "^4.0.0"
      },
      "engines": {
        "node": ">=8"
      }
    },
    "node_modules/mkdirp": {
      "version": "1.0.4",
      "resolved": "https://registry.npmjs.org/mkdirp/-/mkdirp-1.0.4.tgz",
      "integrity": "sha512-vVqVZQyf3WLx2Shd0qJ9xuvqgAyKPLAiqITEtqW0oIUjzo3PePDd6fW9iFz30ef7Ysp/oiWqbhszeGWW2T6Gzw==",
      "bin": {
        "mkdirp": "bin/cmd.js"
      },
      "engines": {
        "node": ">=10"
      }
    },
    "node_modules/mongodb": {
      "version": "6.3.0",
      "resolved": "https://registry.npmjs.org/mongodb/-/mongodb-6.3.0.tgz",
      "integrity": "sha512-tt0KuGjGtLUhLoU263+xvQmPHEGTw5LbcNC73EoFRYgSHwZt5tsoJC110hDyO1kjQzpgNrpdcSza9PknWN4LrA==",
      "dependencies": {
        "@mongodb-js/saslprep": "^1.1.0",
        "bson": "^6.2.0",
        "mongodb-connection-string-url": "^3.0.0"
      },
      "engines": {
        "node": ">=16.20.1"
      },
      "peerDependencies": {
        "@aws-sdk/credential-providers": "^3.188.0",
        "@mongodb-js/zstd": "^1.1.0",
        "gcp-metadata": "^5.2.0",
        "kerberos": "^2.0.1",
        "mongodb-client-encryption": ">=6.0.0 <7",
        "snappy": "^7.2.2",
        "socks": "^2.7.1"
      },
      "peerDependenciesMeta": {
        "@aws-sdk/credential-providers": {
          "optional": true
        },
        "@mongodb-js/zstd": {
          "optional": true
        },
        "gcp-metadata": {
          "optional": true
        },
        "kerberos": {
          "optional": true
        },
        "mongodb-client-encryption": {
          "optional": true
        },
        "snappy": {
          "optional": true
        },
        "socks": {
          "optional": true
        }
      }
    },
    "node_modules/mongodb-connection-string-url": {
      "version": "3.0.0",
      "resolved": "https://registry.npmjs.org/mongodb-connection-string-url/-/mongodb-connection-string-url-3.0.0.tgz",
      "integrity": "sha512-t1Vf+m1I5hC2M5RJx/7AtxgABy1cZmIPQRMXw+gEIPn/cZNF3Oiy+l0UIypUwVB5trcWHq3crg2g3uAR9aAwsQ==",
      "dependencies": {
        "@types/whatwg-url": "^11.0.2",
        "whatwg-url": "^13.0.0"
      }
    },
    "node_modules/mongoose": {
      "version": "8.2.3",
      "resolved": "https://registry.npmjs.org/mongoose/-/mongoose-8.2.3.tgz",
      "integrity": "sha512-ZB8K8AgbVgLCcqjtmZMxaQBEztwEEZCtAIPMx2Q56Uo4WWKmwf5Nu/EEIFo8d/17P946X0z6xzxwIqCxUMKxrA==",
      "dependencies": {
        "bson": "^6.2.0",
        "kareem": "2.5.1",
        "mongodb": "6.3.0",
        "mpath": "0.9.0",
        "mquery": "5.0.0",
        "ms": "2.1.3",
        "sift": "16.0.1"
      },
      "engines": {
        "node": ">=16.20.1"
      },
      "funding": {
        "type": "opencollective",
        "url": "https://opencollective.com/mongoose"
      }
    },
    "node_modules/mongoose/node_modules/ms": {
      "version": "2.1.3",
      "resolved": "https://registry.npmjs.org/ms/-/ms-2.1.3.tgz",
      "integrity": "sha512-6FlzubTLZG3J2a/NVCAleEhjzq5oxgHyaCU9yYXvcLsvoVaHJq/s5xXI6/XXP6tz7R9xAOtHnSO/tXtF3WRTlA=="
    },
    "node_modules/mpath": {
      "version": "0.9.0",
      "resolved": "https://registry.npmjs.org/mpath/-/mpath-0.9.0.tgz",
      "integrity": "sha512-ikJRQTk8hw5DEoFVxHG1Gn9T/xcjtdnOKIU1JTmGjZZlg9LST2mBLmcX3/ICIbgJydT2GOc15RnNy5mHmzfSew==",
      "engines": {
        "node": ">=4.0.0"
      }
    },
    "node_modules/mquery": {
      "version": "5.0.0",
      "resolved": "https://registry.npmjs.org/mquery/-/mquery-5.0.0.tgz",
      "integrity": "sha512-iQMncpmEK8R8ncT8HJGsGc9Dsp8xcgYMVSbs5jgnm1lFHTZqMJTUWTDx1LBO8+mK3tPNZWFLBghQEIOULSTHZg==",
      "dependencies": {
        "debug": "4.x"
      },
      "engines": {
        "node": ">=14.0.0"
      }
    },
    "node_modules/mquery/node_modules/debug": {
      "version": "4.3.4",
      "resolved": "https://registry.npmjs.org/debug/-/debug-4.3.4.tgz",
      "integrity": "sha512-PRWFHuSU3eDtQJPvnNY7Jcket1j0t5OuOsFzPPzsekD52Zl8qUfFIPEiswXqIvHWGVHOgX+7G/vCNNhehwxfkQ==",
      "dependencies": {
        "ms": "2.1.2"
      },
      "engines": {
        "node": ">=6.0"
      },
      "peerDependenciesMeta": {
        "supports-color": {
          "optional": true
        }
      }
    },
    "node_modules/mquery/node_modules/ms": {
      "version": "2.1.2",
      "resolved": "https://registry.npmjs.org/ms/-/ms-2.1.2.tgz",
      "integrity": "sha512-sGkPx+VjMtmA6MX27oA4FBFELFCZZ4S4XqeGOXCv68tT+jb3vk/RyaKWP0PTKyWtmLSM0b+adUTEvbs1PEaH2w=="
    },
    "node_modules/ms": {
      "version": "2.0.0",
      "resolved": "https://registry.npmjs.org/ms/-/ms-2.0.0.tgz",
      "integrity": "sha512-Tpp60P6IUJDTuOq/5Z8cdskzJujfwqfOTkrwIwj7IRISpnkJnT6SyJ4PCPnGMoFjC9ddhal5KVIYtAt97ix05A=="
    },
    "node_modules/negotiator": {
      "version": "0.6.3",
      "resolved": "https://registry.npmjs.org/negotiator/-/negotiator-0.6.3.tgz",
      "integrity": "sha512-+EUsqGPLsM+j/zdChZjsnX51g4XrHFOIXwfnCVPGlQk/k5giakcKsuxCObBRu6DSm9opw/O6slWbJdghQM4bBg==",
      "engines": {
        "node": ">= 0.6"
      }
    },
    "node_modules/net": {
      "version": "1.0.2",
      "resolved": "https://registry.npmjs.org/net/-/net-1.0.2.tgz",
      "integrity": "sha512-kbhcj2SVVR4caaVnGLJKmlk2+f+oLkjqdKeQlmUtz6nGzOpbcobwVIeSURNgraV/v3tlmGIX82OcPCl0K6RbHQ=="
    },
    "node_modules/node-addon-api": {
      "version": "5.1.0",
      "resolved": "https://registry.npmjs.org/node-addon-api/-/node-addon-api-5.1.0.tgz",
      "integrity": "sha512-eh0GgfEkpnoWDq+VY8OyvYhFEzBk6jIYbRKdIlyTiAXIVJ8PyBaKb0rp7oDtoddbdoHWhq8wwr+XZ81F1rpNdA=="
    },
    "node_modules/node-fetch": {
      "version": "2.7.0",
      "resolved": "https://registry.npmjs.org/node-fetch/-/node-fetch-2.7.0.tgz",
      "integrity": "sha512-c4FRfUm/dbcWZ7U+1Wq0AwCyFL+3nt2bEw05wfxSz+DWpWsitgmSgYmy2dQdWyKC1694ELPqMs/YzUSNozLt8A==",
      "dependencies": {
        "whatwg-url": "^5.0.0"
      },
      "engines": {
        "node": "4.x || >=6.0.0"
      },
      "peerDependencies": {
        "encoding": "^0.1.0"
      },
      "peerDependenciesMeta": {
        "encoding": {
          "optional": true
        }
      }
    },
    "node_modules/node-fetch/node_modules/tr46": {
      "version": "0.0.3",
      "resolved": "https://registry.npmjs.org/tr46/-/tr46-0.0.3.tgz",
      "integrity": "sha512-N3WMsuqV66lT30CrXNbEjx4GEwlow3v6rr4mCcv6prnfwhS01rkgyFdjPNBYd9br7LpXV1+Emh01fHnq2Gdgrw=="
    },
    "node_modules/node-fetch/node_modules/webidl-conversions": {
      "version": "3.0.1",
      "resolved": "https://registry.npmjs.org/webidl-conversions/-/webidl-conversions-3.0.1.tgz",
      "integrity": "sha512-2JAn3z8AR6rjK8Sm8orRC0h/bcl/DqL7tRPdGZ4I1CjdF+EaMLmYxBHyXuKL849eucPFhvBoxMsflfOb8kxaeQ=="
    },
    "node_modules/node-fetch/node_modules/whatwg-url": {
      "version": "5.0.0",
      "resolved": "https://registry.npmjs.org/whatwg-url/-/whatwg-url-5.0.0.tgz",
      "integrity": "sha512-saE57nupxk6v3HY35+jzBwYa0rKSy0XR8JSxZPwgLr7ys0IBzhGviA1/TUGJLmSVqs8pb9AnvICXEuOHLprYTw==",
      "dependencies": {
        "tr46": "~0.0.3",
        "webidl-conversions": "^3.0.0"
      }
    },
    "node_modules/nodemon": {
      "version": "3.1.0",
      "resolved": "https://registry.npmjs.org/nodemon/-/nodemon-3.1.0.tgz",
      "integrity": "sha512-xqlktYlDMCepBJd43ZQhjWwMw2obW/JRvkrLxq5RCNcuDDX1DbcPT+qT1IlIIdf+DhnWs90JpTMe+Y5KxOchvA==",
      "dev": true,
      "dependencies": {
        "chokidar": "^3.5.2",
        "debug": "^4",
        "ignore-by-default": "^1.0.1",
        "minimatch": "^3.1.2",
        "pstree.remy": "^1.1.8",
        "semver": "^7.5.3",
        "simple-update-notifier": "^2.0.0",
        "supports-color": "^5.5.0",
        "touch": "^3.1.0",
        "undefsafe": "^2.0.5"
      },
      "bin": {
        "nodemon": "bin/nodemon.js"
      },
      "engines": {
        "node": ">=10"
      },
      "funding": {
        "type": "opencollective",
        "url": "https://opencollective.com/nodemon"
      }
    },
    "node_modules/nodemon/node_modules/debug": {
      "version": "4.3.4",
      "resolved": "https://registry.npmjs.org/debug/-/debug-4.3.4.tgz",
      "integrity": "sha512-PRWFHuSU3eDtQJPvnNY7Jcket1j0t5OuOsFzPPzsekD52Zl8qUfFIPEiswXqIvHWGVHOgX+7G/vCNNhehwxfkQ==",
      "dev": true,
      "dependencies": {
        "ms": "2.1.2"
      },
      "engines": {
        "node": ">=6.0"
      },
      "peerDependenciesMeta": {
        "supports-color": {
          "optional": true
        }
      }
    },
    "node_modules/nodemon/node_modules/ms": {
      "version": "2.1.2",
      "resolved": "https://registry.npmjs.org/ms/-/ms-2.1.2.tgz",
      "integrity": "sha512-sGkPx+VjMtmA6MX27oA4FBFELFCZZ4S4XqeGOXCv68tT+jb3vk/RyaKWP0PTKyWtmLSM0b+adUTEvbs1PEaH2w==",
      "dev": true
    },
    "node_modules/nopt": {
      "version": "5.0.0",
      "resolved": "https://registry.npmjs.org/nopt/-/nopt-5.0.0.tgz",
      "integrity": "sha512-Tbj67rffqceeLpcRXrT7vKAN8CwfPeIBgM7E6iBkmKLV7bEMwpGgYLGv0jACUsECaa/vuxP0IjEont6umdMgtQ==",
      "dependencies": {
        "abbrev": "1"
      },
      "bin": {
        "nopt": "bin/nopt.js"
      },
      "engines": {
        "node": ">=6"
      }
    },
    "node_modules/normalize-path": {
      "version": "3.0.0",
      "resolved": "https://registry.npmjs.org/normalize-path/-/normalize-path-3.0.0.tgz",
      "integrity": "sha512-6eZs5Ls3WtCisHWp9S2GUy8dqkpGi4BVSz3GaqiE6ezub0512ESztXUwUB6C6IKbQkY2Pnb/mD4WYojCRwcwLA==",
      "dev": true,
      "engines": {
        "node": ">=0.10.0"
      }
    },
    "node_modules/npmlog": {
      "version": "5.0.1",
      "resolved": "https://registry.npmjs.org/npmlog/-/npmlog-5.0.1.tgz",
      "integrity": "sha512-AqZtDUWOMKs1G/8lwylVjrdYgqA4d9nu8hc+0gzRxlDb1I10+FHBGMXs6aiQHFdCUUlqH99MUMuLfzWDNDtfxw==",
      "dependencies": {
        "are-we-there-yet": "^2.0.0",
        "console-control-strings": "^1.1.0",
        "gauge": "^3.0.0",
        "set-blocking": "^2.0.0"
      }
    },
    "node_modules/object-assign": {
      "version": "4.1.1",
      "resolved": "https://registry.npmjs.org/object-assign/-/object-assign-4.1.1.tgz",
      "integrity": "sha512-rJgTQnkUnH1sFw8yT6VSU3zD3sWmu6sZhIseY8VX+GRu3P6F7Fu+JNDoXfklElbLJSnc3FUQHVe4cU5hj+BcUg==",
      "engines": {
        "node": ">=0.10.0"
      }
    },
    "node_modules/object-inspect": {
      "version": "1.13.1",
      "resolved": "https://registry.npmjs.org/object-inspect/-/object-inspect-1.13.1.tgz",
      "integrity": "sha512-5qoj1RUiKOMsCCNLV1CBiPYE10sziTsnmNxkAI/rZhiD63CF7IqdFGC/XzjWjpSgLf0LxXX3bDFIh0E18f6UhQ==",
      "funding": {
        "url": "https://github.com/sponsors/ljharb"
      }
    },
    "node_modules/on-finished": {
      "version": "2.4.1",
      "resolved": "https://registry.npmjs.org/on-finished/-/on-finished-2.4.1.tgz",
      "integrity": "sha512-oVlzkg3ENAhCk2zdv7IJwd/QUD4z2RxRwpkcGY8psCVcCYZNq4wYnVWALHM+brtuJjePWiYF/ClmuDr8Ch5+kg==",
      "dependencies": {
        "ee-first": "1.1.1"
      },
      "engines": {
        "node": ">= 0.8"
      }
    },
    "node_modules/once": {
      "version": "1.4.0",
      "resolved": "https://registry.npmjs.org/once/-/once-1.4.0.tgz",
      "integrity": "sha512-lNaJgI+2Q5URQBkccEKHTQOPaXdUxnZZElQTZY0MFUAuaEqe1E+Nyvgdz/aIyNi6Z9MzO5dv1H8n58/GELp3+w==",
      "dependencies": {
        "wrappy": "1"
      }
    },
    "node_modules/parseurl": {
      "version": "1.3.3",
      "resolved": "https://registry.npmjs.org/parseurl/-/parseurl-1.3.3.tgz",
      "integrity": "sha512-CiyeOxFT/JZyN5m0z9PfXw4SCBJ6Sygz1Dpl0wqjlhDEGGBP1GnsUVEL0p63hoG1fcj3fHynXi9NYO4nWOL+qQ==",
      "engines": {
        "node": ">= 0.8"
      }
    },
    "node_modules/path-is-absolute": {
      "version": "1.0.1",
      "resolved": "https://registry.npmjs.org/path-is-absolute/-/path-is-absolute-1.0.1.tgz",
      "integrity": "sha512-AVbw3UJ2e9bq64vSaS9Am0fje1Pa8pbGqTTsmXfaIiMpnr5DlDhfJOuLj9Sf95ZPVDAUerDfEk88MPmPe7UCQg==",
      "engines": {
        "node": ">=0.10.0"
      }
    },
    "node_modules/path-to-regexp": {
      "version": "0.1.7",
      "resolved": "https://registry.npmjs.org/path-to-regexp/-/path-to-regexp-0.1.7.tgz",
      "integrity": "sha512-5DFkuoqlv1uYQKxy8omFBeJPQcdoE07Kv2sferDCrAq1ohOU+MSDswDIbnx3YAM60qIOnYa53wBhXW0EbMonrQ=="
    },
    "node_modules/picomatch": {
      "version": "2.3.1",
      "resolved": "https://registry.npmjs.org/picomatch/-/picomatch-2.3.1.tgz",
      "integrity": "sha512-JU3teHTNjmE2VCGFzuY8EXzCDVwEqB2a8fsIvwaStHhAWJEeVd1o1QD80CU6+ZdEXXSLbSsuLwJjkCBWqRQUVA==",
      "dev": true,
      "engines": {
        "node": ">=8.6"
      },
      "funding": {
        "url": "https://github.com/sponsors/jonschlinkert"
      }
    },
    "node_modules/proxy-addr": {
      "version": "2.0.7",
      "resolved": "https://registry.npmjs.org/proxy-addr/-/proxy-addr-2.0.7.tgz",
      "integrity": "sha512-llQsMLSUDUPT44jdrU/O37qlnifitDP+ZwrmmZcoSKyLKvtZxpyV0n2/bD/N4tBAAZ/gJEdZU7KMraoK1+XYAg==",
      "dependencies": {
        "forwarded": "0.2.0",
        "ipaddr.js": "1.9.1"
      },
      "engines": {
        "node": ">= 0.10"
      }
    },
    "node_modules/pstree.remy": {
      "version": "1.1.8",
      "resolved": "https://registry.npmjs.org/pstree.remy/-/pstree.remy-1.1.8.tgz",
      "integrity": "sha512-77DZwxQmxKnu3aR542U+X8FypNzbfJ+C5XQDk3uWjWxn6151aIMGthWYRXTqT1E5oJvg+ljaa2OJi+VfvCOQ8w==",
      "dev": true
    },
    "node_modules/punycode": {
      "version": "2.3.1",
      "resolved": "https://registry.npmjs.org/punycode/-/punycode-2.3.1.tgz",
      "integrity": "sha512-vYt7UD1U9Wg6138shLtLOvdAu+8DsC/ilFtEVHcH+wydcSpNE20AfSOduf6MkRFahL5FY7X1oU7nKVZFtfq8Fg==",
      "engines": {
        "node": ">=6"
      }
    },
    "node_modules/qs": {
      "version": "6.11.0",
      "resolved": "https://registry.npmjs.org/qs/-/qs-6.11.0.tgz",
      "integrity": "sha512-MvjoMCJwEarSbUYk5O+nmoSzSutSsTwF85zcHPQ9OrlFoZOYIjaqBAJIqIXjptyD5vThxGq52Xu/MaJzRkIk4Q==",
      "dependencies": {
        "side-channel": "^1.0.4"
      },
      "engines": {
        "node": ">=0.6"
      },
      "funding": {
        "url": "https://github.com/sponsors/ljharb"
      }
    },
    "node_modules/range-parser": {
      "version": "1.2.1",
      "resolved": "https://registry.npmjs.org/range-parser/-/range-parser-1.2.1.tgz",
      "integrity": "sha512-Hrgsx+orqoygnmhFbKaHE6c296J+HTAQXoxEF6gNupROmmGJRoyzfG3ccAveqCBrwr/2yxQ5BVd/GTl5agOwSg==",
      "engines": {
        "node": ">= 0.6"
      }
    },
    "node_modules/raw-body": {
      "version": "2.5.2",
      "resolved": "https://registry.npmjs.org/raw-body/-/raw-body-2.5.2.tgz",
      "integrity": "sha512-8zGqypfENjCIqGhgXToC8aB2r7YrBX+AQAfIPs/Mlk+BtPTztOvTS01NRW/3Eh60J+a48lt8qsCzirQ6loCVfA==",
      "dependencies": {
        "bytes": "3.1.2",
        "http-errors": "2.0.0",
        "iconv-lite": "0.4.24",
        "unpipe": "1.0.0"
      },
      "engines": {
        "node": ">= 0.8"
      }
    },
    "node_modules/readable-stream": {
      "version": "3.6.2",
      "resolved": "https://registry.npmjs.org/readable-stream/-/readable-stream-3.6.2.tgz",
      "integrity": "sha512-9u/sniCrY3D5WdsERHzHE4G2YCXqoG5FTHUiCC4SIbr6XcLZBY05ya9EKjYek9O5xOAwjGq+1JdGBAS7Q9ScoA==",
      "dependencies": {
        "inherits": "^2.0.3",
        "string_decoder": "^1.1.1",
        "util-deprecate": "^1.0.1"
      },
      "engines": {
        "node": ">= 6"
      }
    },
    "node_modules/readdirp": {
      "version": "3.6.0",
      "resolved": "https://registry.npmjs.org/readdirp/-/readdirp-3.6.0.tgz",
      "integrity": "sha512-hOS089on8RduqdbhvQ5Z37A0ESjsqz6qnRcffsMU3495FuTdqSm+7bhJ29JvIOsBDEEnan5DPu9t3To9VRlMzA==",
      "dev": true,
      "dependencies": {
        "picomatch": "^2.2.1"
      },
      "engines": {
        "node": ">=8.10.0"
      }
    },
    "node_modules/rimraf": {
      "version": "3.0.2",
      "resolved": "https://registry.npmjs.org/rimraf/-/rimraf-3.0.2.tgz",
      "integrity": "sha512-JZkJMZkAGFFPP2YqXZXPbMlMBgsxzE8ILs4lMIX/2o0L9UBw9O/Y3o6wFw/i9YLapcUJWwqbi3kdxIPdC62TIA==",
      "dependencies": {
        "glob": "^7.1.3"
      },
      "bin": {
        "rimraf": "bin.js"
      },
      "funding": {
        "url": "https://github.com/sponsors/isaacs"
      }
    },
    "node_modules/safe-buffer": {
      "version": "5.2.1",
      "resolved": "https://registry.npmjs.org/safe-buffer/-/safe-buffer-5.2.1.tgz",
      "integrity": "sha512-rp3So07KcdmmKbGvgaNxQSJr7bGVSVk5S9Eq1F+ppbRo70+YeaDxkw5Dd8NPN+GD6bjnYm2VuPuCXmpuYvmCXQ==",
      "funding": [
        {
          "type": "github",
          "url": "https://github.com/sponsors/feross"
        },
        {
          "type": "patreon",
          "url": "https://www.patreon.com/feross"
        },
        {
          "type": "consulting",
          "url": "https://feross.org/support"
        }
      ]
    },
    "node_modules/safer-buffer": {
      "version": "2.1.2",
      "resolved": "https://registry.npmjs.org/safer-buffer/-/safer-buffer-2.1.2.tgz",
      "integrity": "sha512-YZo3K82SD7Riyi0E1EQPojLz7kpepnSQI9IyPbHHg1XXXevb5dJI7tpyN2ADxGcQbHG7vcyRHk0cbwqcQriUtg=="
    },
    "node_modules/semver": {
      "version": "7.6.0",
      "resolved": "https://registry.npmjs.org/semver/-/semver-7.6.0.tgz",
      "integrity": "sha512-EnwXhrlwXMk9gKu5/flx5sv/an57AkRplG3hTK68W7FRDN+k+OWBj65M7719OkA82XLBxrcX0KSHj+X5COhOVg==",
      "dependencies": {
        "lru-cache": "^6.0.0"
      },
      "bin": {
        "semver": "bin/semver.js"
      },
      "engines": {
        "node": ">=10"
      }
    },
    "node_modules/send": {
      "version": "0.18.0",
      "resolved": "https://registry.npmjs.org/send/-/send-0.18.0.tgz",
      "integrity": "sha512-qqWzuOjSFOuqPjFe4NOsMLafToQQwBSOEpS+FwEt3A2V3vKubTquT3vmLTQpFgMXp8AlFWFuP1qKaJZOtPpVXg==",
      "dependencies": {
        "debug": "2.6.9",
        "depd": "2.0.0",
        "destroy": "1.2.0",
        "encodeurl": "~1.0.2",
        "escape-html": "~1.0.3",
        "etag": "~1.8.1",
        "fresh": "0.5.2",
        "http-errors": "2.0.0",
        "mime": "1.6.0",
        "ms": "2.1.3",
        "on-finished": "2.4.1",
        "range-parser": "~1.2.1",
        "statuses": "2.0.1"
      },
      "engines": {
        "node": ">= 0.8.0"
      }
    },
    "node_modules/send/node_modules/ms": {
      "version": "2.1.3",
      "resolved": "https://registry.npmjs.org/ms/-/ms-2.1.3.tgz",
      "integrity": "sha512-6FlzubTLZG3J2a/NVCAleEhjzq5oxgHyaCU9yYXvcLsvoVaHJq/s5xXI6/XXP6tz7R9xAOtHnSO/tXtF3WRTlA=="
    },
    "node_modules/serve-static": {
      "version": "1.15.0",
      "resolved": "https://registry.npmjs.org/serve-static/-/serve-static-1.15.0.tgz",
      "integrity": "sha512-XGuRDNjXUijsUL0vl6nSD7cwURuzEgglbOaFuZM9g3kwDXOWVTck0jLzjPzGD+TazWbboZYu52/9/XPdUgne9g==",
      "dependencies": {
        "encodeurl": "~1.0.2",
        "escape-html": "~1.0.3",
        "parseurl": "~1.3.3",
        "send": "0.18.0"
      },
      "engines": {
        "node": ">= 0.8.0"
      }
    },
    "node_modules/set-blocking": {
      "version": "2.0.0",
      "resolved": "https://registry.npmjs.org/set-blocking/-/set-blocking-2.0.0.tgz",
      "integrity": "sha512-KiKBS8AnWGEyLzofFfmvKwpdPzqiy16LvQfK3yv/fVH7Bj13/wl3JSR1J+rfgRE9q7xUJK4qvgS8raSOeLUehw=="
    },
    "node_modules/set-function-length": {
      "version": "1.2.2",
      "resolved": "https://registry.npmjs.org/set-function-length/-/set-function-length-1.2.2.tgz",
      "integrity": "sha512-pgRc4hJ4/sNjWCSS9AmnS40x3bNMDTknHgL5UaMBTMyJnU90EgWh1Rz+MC9eFu4BuN/UwZjKQuY/1v3rM7HMfg==",
      "dependencies": {
        "define-data-property": "^1.1.4",
        "es-errors": "^1.3.0",
        "function-bind": "^1.1.2",
        "get-intrinsic": "^1.2.4",
        "gopd": "^1.0.1",
        "has-property-descriptors": "^1.0.2"
      },
      "engines": {
        "node": ">= 0.4"
      }
    },
    "node_modules/setprototypeof": {
      "version": "1.2.0",
      "resolved": "https://registry.npmjs.org/setprototypeof/-/setprototypeof-1.2.0.tgz",
      "integrity": "sha512-E5LDX7Wrp85Kil5bhZv46j8jOeboKq5JMmYM3gVGdGH8xFpPWXUMsNrlODCrkoxMEeNi/XZIwuRvY4XNwYMJpw=="
    },
    "node_modules/side-channel": {
      "version": "1.0.6",
      "resolved": "https://registry.npmjs.org/side-channel/-/side-channel-1.0.6.tgz",
      "integrity": "sha512-fDW/EZ6Q9RiO8eFG8Hj+7u/oW+XrPTIChwCOM2+th2A6OblDtYYIpve9m+KvI9Z4C9qSEXlaGR6bTEYHReuglA==",
      "dependencies": {
        "call-bind": "^1.0.7",
        "es-errors": "^1.3.0",
        "get-intrinsic": "^1.2.4",
        "object-inspect": "^1.13.1"
      },
      "engines": {
        "node": ">= 0.4"
      },
      "funding": {
        "url": "https://github.com/sponsors/ljharb"
      }
    },
    "node_modules/sift": {
      "version": "16.0.1",
      "resolved": "https://registry.npmjs.org/sift/-/sift-16.0.1.tgz",
      "integrity": "sha512-Wv6BjQ5zbhW7VFefWusVP33T/EM0vYikCaQ2qR8yULbsilAT8/wQaXvuQ3ptGLpoKx+lihJE3y2UTgKDyyNHZQ=="
    },
    "node_modules/signal-exit": {
      "version": "3.0.7",
      "resolved": "https://registry.npmjs.org/signal-exit/-/signal-exit-3.0.7.tgz",
      "integrity": "sha512-wnD2ZE+l+SPC/uoS0vXeE9L1+0wuaMqKlfz9AMUo38JsyLSBWSFcHR1Rri62LZc12vLr1gb3jl7iwQhgwpAbGQ=="
    },
    "node_modules/simple-update-notifier": {
      "version": "2.0.0",
      "resolved": "https://registry.npmjs.org/simple-update-notifier/-/simple-update-notifier-2.0.0.tgz",
      "integrity": "sha512-a2B9Y0KlNXl9u/vsW6sTIu9vGEpfKu2wRV6l1H3XEas/0gUIzGzBoP/IouTcUQbm9JWZLH3COxyn03TYlFax6w==",
      "dev": true,
      "dependencies": {
        "semver": "^7.5.3"
      },
      "engines": {
        "node": ">=10"
      }
    },
    "node_modules/sparse-bitfield": {
      "version": "3.0.3",
      "resolved": "https://registry.npmjs.org/sparse-bitfield/-/sparse-bitfield-3.0.3.tgz",
      "integrity": "sha512-kvzhi7vqKTfkh0PZU+2D2PIllw2ymqJKujUcyPMd9Y75Nv4nPbGJZXNhxsgdQab2BmlDct1YnfQCguEvHr7VsQ==",
      "dependencies": {
        "memory-pager": "^1.0.2"
      }
    },
    "node_modules/statuses": {
      "version": "2.0.1",
      "resolved": "https://registry.npmjs.org/statuses/-/statuses-2.0.1.tgz",
      "integrity": "sha512-RwNA9Z/7PrK06rYLIzFMlaF+l73iwpzsqRIFgbMLbTcLD6cOao82TaWefPXQvB2fOC4AjuYSEndS7N/mTCbkdQ==",
      "engines": {
        "node": ">= 0.8"
      }
    },
    "node_modules/string_decoder": {
      "version": "1.3.0",
      "resolved": "https://registry.npmjs.org/string_decoder/-/string_decoder-1.3.0.tgz",
      "integrity": "sha512-hkRX8U1WjJFd8LsDJ2yQ/wWWxaopEsABU1XfkM8A+j0+85JAGppt16cr1Whg6KIbb4okU6Mql6BOj+uup/wKeA==",
      "dependencies": {
        "safe-buffer": "~5.2.0"
      }
    },
    "node_modules/string-width": {
      "version": "4.2.3",
      "resolved": "https://registry.npmjs.org/string-width/-/string-width-4.2.3.tgz",
      "integrity": "sha512-wKyQRQpjJ0sIp62ErSZdGsjMJWsap5oRNihHhu6G7JVO/9jIB6UyevL+tXuOqrng8j/cxKTWyWUwvSTriiZz/g==",
      "dependencies": {
        "emoji-regex": "^8.0.0",
        "is-fullwidth-code-point": "^3.0.0",
        "strip-ansi": "^6.0.1"
      },
      "engines": {
        "node": ">=8"
      }
    },
    "node_modules/strip-ansi": {
      "version": "6.0.1",
      "resolved": "https://registry.npmjs.org/strip-ansi/-/strip-ansi-6.0.1.tgz",
      "integrity": "sha512-Y38VPSHcqkFrCpFnQ9vuSXmquuv5oXOKpGeT6aGrr3o3Gc9AlVa6JBfUSOCnbxGGZF+/0ooI7KrPuUSztUdU5A==",
      "dependencies": {
        "ansi-regex": "^5.0.1"
      },
      "engines": {
        "node": ">=8"
      }
    },
    "node_modules/stripe": {
      "version": "14.22.0",
      "resolved": "https://registry.npmjs.org/stripe/-/stripe-14.22.0.tgz",
      "integrity": "sha512-Pj8SAdTNjMq42UnWzBTTy8KMQ8qbQoVemPHbw3x+rHvwq1Psg9UFPT58j54F5os/SCgUAOZSEMcUedvzIDuqvw==",
      "dependencies": {
        "@types/node": ">=8.1.0",
        "qs": "^6.11.0"
      },
      "engines": {
        "node": ">=12.*"
      }
    },
    "node_modules/supports-color": {
      "version": "5.5.0",
      "resolved": "https://registry.npmjs.org/supports-color/-/supports-color-5.5.0.tgz",
      "integrity": "sha512-QjVjwdXIt408MIiAqCX4oUKsgU2EqAGzs2Ppkm4aQYbjm+ZEWEcW4SfFNTr4uMNZma0ey4f5lgLrkB0aX0QMow==",
      "dev": true,
      "dependencies": {
        "has-flag": "^3.0.0"
      },
      "engines": {
        "node": ">=4"
      }
    },
    "node_modules/tar": {
      "version": "6.2.1",
      "resolved": "https://registry.npmjs.org/tar/-/tar-6.2.1.tgz",
      "integrity": "sha512-DZ4yORTwrbTj/7MZYq2w+/ZFdI6OZ/f9SFHR+71gIVUZhOQPHzVCLpvRnPgyaMpfWxxk/4ONva3GQSyNIKRv6A==",
      "dependencies": {
        "chownr": "^2.0.0",
        "fs-minipass": "^2.0.0",
        "minipass": "^5.0.0",
        "minizlib": "^2.1.1",
        "mkdirp": "^1.0.3",
        "yallist": "^4.0.0"
      },
      "engines": {
        "node": ">=10"
      }
    },
    "node_modules/to-regex-range": {
      "version": "5.0.1",
      "resolved": "https://registry.npmjs.org/to-regex-range/-/to-regex-range-5.0.1.tgz",
      "integrity": "sha512-65P7iz6X5yEr1cwcgvQxbbIw7Uk3gOy5dIdtZ4rDveLqhrdJP+Li/Hx6tyK0NEb+2GCyneCMJiGqrADCSNk8sQ==",
      "dev": true,
      "dependencies": {
        "is-number": "^7.0.0"
      },
      "engines": {
        "node": ">=8.0"
      }
    },
    "node_modules/toidentifier": {
      "version": "1.0.1",
      "resolved": "https://registry.npmjs.org/toidentifier/-/toidentifier-1.0.1.tgz",
      "integrity": "sha512-o5sSPKEkg/DIQNmH43V0/uerLrpzVedkUh8tGNvaeXpfpuwjKenlSox/2O/BTlZUtEe+JG7s5YhEz608PlAHRA==",
      "engines": {
        "node": ">=0.6"
      }
    },
    "node_modules/touch": {
      "version": "3.1.0",
      "resolved": "https://registry.npmjs.org/touch/-/touch-3.1.0.tgz",
      "integrity": "sha512-WBx8Uy5TLtOSRtIq+M03/sKDrXCLHxwDcquSP2c43Le03/9serjQBIztjRz6FkJez9D/hleyAXTBGLwwZUw9lA==",
      "dev": true,
      "dependencies": {
        "nopt": "~1.0.10"
      },
      "bin": {
        "nodetouch": "bin/nodetouch.js"
      }
    },
    "node_modules/touch/node_modules/nopt": {
      "version": "1.0.10",
      "resolved": "https://registry.npmjs.org/nopt/-/nopt-1.0.10.tgz",
      "integrity": "sha512-NWmpvLSqUrgrAC9HCuxEvb+PSloHpqVu+FqcO4eeF2h5qYRhA7ev6KvelyQAKtegUbC6RypJnlEOhd8vloNKYg==",
      "dev": true,
      "dependencies": {
        "abbrev": "1"
      },
      "bin": {
        "nopt": "bin/nopt.js"
      },
      "engines": {
        "node": "*"
      }
    },
    "node_modules/tr46": {
      "version": "4.1.1",
      "resolved": "https://registry.npmjs.org/tr46/-/tr46-4.1.1.tgz",
      "integrity": "sha512-2lv/66T7e5yNyhAAC4NaKe5nVavzuGJQVVtRYLyQ2OI8tsJ61PMLlelehb0wi2Hx6+hT/OJUWZcw8MjlSRnxvw==",
      "dependencies": {
        "punycode": "^2.3.0"
      },
      "engines": {
        "node": ">=14"
      }
    },
    "node_modules/type-is": {
      "version": "1.6.18",
      "resolved": "https://registry.npmjs.org/type-is/-/type-is-1.6.18.tgz",
      "integrity": "sha512-TkRKr9sUTxEH8MdfuCSP7VizJyzRNMjj2J2do2Jr3Kym598JVdEksuzPQCnlFPW4ky9Q+iA+ma9BGm06XQBy8g==",
      "dependencies": {
        "media-typer": "0.3.0",
        "mime-types": "~2.1.24"
      },
      "engines": {
        "node": ">= 0.6"
      }
    },
    "node_modules/undefsafe": {
      "version": "2.0.5",
      "resolved": "https://registry.npmjs.org/undefsafe/-/undefsafe-2.0.5.tgz",
      "integrity": "sha512-WxONCrssBM8TSPRqN5EmsjVrsv4A8X12J4ArBiiayv3DyyG3ZlIg6yysuuSYdZsVz3TKcTg2fd//Ujd4CHV1iA==",
      "dev": true
    },
    "node_modules/undici-types": {
      "version": "5.26.5",
      "resolved": "https://registry.npmjs.org/undici-types/-/undici-types-5.26.5.tgz",
      "integrity": "sha512-JlCMO+ehdEIKqlFxk6IfVoAUVmgz7cU7zD/h9XZ0qzeosSHmUJVOzSQvvYSYWXkFXC+IfLKSIffhv0sVZup6pA=="
    },
    "node_modules/unpipe": {
      "version": "1.0.0",
      "resolved": "https://registry.npmjs.org/unpipe/-/unpipe-1.0.0.tgz",
      "integrity": "sha512-pjy2bYhSsufwWlKwPc+l3cN7+wuJlK6uz0YdJEOlQDbl6jo/YlPi4mb8agUkVC8BF7V8NuzeyPNqRksA3hztKQ==",
      "engines": {
        "node": ">= 0.8"
      }
    },
    "node_modules/util-deprecate": {
      "version": "1.0.2",
      "resolved": "https://registry.npmjs.org/util-deprecate/-/util-deprecate-1.0.2.tgz",
      "integrity": "sha512-EPD5q1uXyFxJpCrLnCc1nHnq3gOa6DZBocAIiI2TaSCA7VCJ1UJDMagCzIkXNsUYfD1daK//LTEQ8xiIbrHtcw=="
    },
    "node_modules/utils-merge": {
      "version": "1.0.1",
      "resolved": "https://registry.npmjs.org/utils-merge/-/utils-merge-1.0.1.tgz",
      "integrity": "sha512-pMZTvIkT1d+TFGvDOqodOclx0QWkkgi6Tdoa8gC8ffGAAqz9pzPTZWAybbsHHoED/ztMtkv/VoYTYyShUn81hA==",
      "engines": {
        "node": ">= 0.4.0"
      }
    },
    "node_modules/vary": {
      "version": "1.1.2",
      "resolved": "https://registry.npmjs.org/vary/-/vary-1.1.2.tgz",
      "integrity": "sha512-BNGbWLfd0eUPabhkXUVm0j8uuvREyTh5ovRa/dyow/BqAbZJyC+5fU+IzQOzmAKzYqYRAISoRhdQr3eIZ/PXqg==",
      "engines": {
        "node": ">= 0.8"
      }
    },
    "node_modules/webidl-conversions": {
      "version": "7.0.0",
      "resolved": "https://registry.npmjs.org/webidl-conversions/-/webidl-conversions-7.0.0.tgz",
      "integrity": "sha512-VwddBukDzu71offAQR975unBIGqfKZpM+8ZX6ySk8nYhVoo5CYaZyzt3YBvYtRtO+aoGlqxPg/B87NGVZ/fu6g==",
      "engines": {
        "node": ">=12"
      }
    },
    "node_modules/whatwg-url": {
      "version": "13.0.0",
      "resolved": "https://registry.npmjs.org/whatwg-url/-/whatwg-url-13.0.0.tgz",
      "integrity": "sha512-9WWbymnqj57+XEuqADHrCJ2eSXzn8WXIW/YSGaZtb2WKAInQ6CHfaUUcTyyver0p8BDg5StLQq8h1vtZuwmOig==",
      "dependencies": {
        "tr46": "^4.1.1",
        "webidl-conversions": "^7.0.0"
      },
      "engines": {
        "node": ">=16"
      }
    },
    "node_modules/wide-align": {
      "version": "1.1.5",
      "resolved": "https://registry.npmjs.org/wide-align/-/wide-align-1.1.5.tgz",
      "integrity": "sha512-eDMORYaPNZ4sQIuuYPDHdQvf4gyCF9rEEV/yPxGfwPkRodwEgiMUUXTx/dex+Me0wxx53S+NgUHaP7y3MGlDmg==",
      "dependencies": {
        "string-width": "^1.0.2 || 2 || 3 || 4"
      }
    },
    "node_modules/wrappy": {
      "version": "1.0.2",
      "resolved": "https://registry.npmjs.org/wrappy/-/wrappy-1.0.2.tgz",
      "integrity": "sha512-l4Sp/DRseor9wL6EvV2+TuQn63dMkPjZ/sp9XkghTEbV9KlPS1xUsZ3u7/IQO4wxtcFB4bgpQPRcR3QCvezPcQ=="
    },
    "node_modules/yallist": {
      "version": "4.0.0",
      "resolved": "https://registry.npmjs.org/yallist/-/yallist-4.0.0.tgz",
      "integrity": "sha512-3wdGidZyq5PB084XLES5TpOSRA3wjXAlIWMhum2kRcv/41Sn2emQ0dycQW4uZXLejwKvg6EsvbdlVL+FYEct7A=="
    }
  }
}
